T_ambiente_C,T_cabeza_C,P_cabeza,unidad_presion,flujo_bpd,P_cabeza_Pa,flujo_masico_kg_s,h_J_kg,s_J_kgK,h0_J_kg,s0_J_kgK,exergia_J_kg,Pmax_conceptual_kW,fase,exergy_status,Pmax_ML_kW,P_real_ORC_ML_kW,P_real_ORC_Bayes_kW,P_real_ORC_Bayes_std_kW,Pmax_Bayes_kW,Pmax_Bayes_std_kW,relacion_Preal_ML_Pmax_exergia,relacion_Preal_ML_Pmax_ML,relacion_Preal_Bayes_Pmax_exergia
23.87,68.19,2.107,barg,454.9,312025.0,0.8194102758546083,285668.9865004887,932.6811018903485,100203.4432706169,351.35031886639206,12798.674056096293,10.487365038879084,liquid,ok,11.331055052563123,0.0,0.0,5.29593211060195,11.331055052563123,4.021221954103779,0.0,0.0,0.0
23.43,71.18,37.427,psia,424.3,258050.08121139873,0.762943092949989,298145.43794341903,969.234292649151,98363.11420779317,345.1497480698325,14691.329504291585,11.20864837155165,liquid,ok,12.004984527499126,0.44091658724652305,0.44091658724652305,5.294062247791393,12.004984527499126,4.020256800280531,0.039337177207342935,0.03672779304600859,0.039337177207342935
20.16,86.38,47.07,psia,660.1,324536.22578941775,1.1755867515228506,361951.61519630806,1150.3699286244712,84682.61624044039,298.7660353826424,27485.061029106844,32.31107361061501,liquid,ok,30.13088504595865,17.481784062336942,17.481784062336942,5.326441121349883,30.13088504595865,4.117971941937499,0.541046214465425,0.5801948411296903,0.541046214465425
24.94,76.13,3.414,bar_abs,339.4,341400.0,0.6084799378723753,318954.1864937479,1028.990234868704,104678.38002477353,366.3893595319674,16761.111539846577,10.198800108437798,liquid,ok,10.488401858626435,3.4471691509389544,3.4471691509389544,5.296886418800072,10.488401858626435,4.012812891460367,0.33799752071687333,0.3286648621404364,0.33799752071687333
24.2,78.82,3.319,bar_abs,418.6,331900.0,0.7492023661107369,330225.57238963066,1061.1647701736333,101583.6244266714,355.99450111983964,18959.568459813745,14.204553550530957,liquid,ok,15.156984156626512,6.889240066991313,6.889240066991313,5.291277985039511,15.156984156626512,4.010556868985213,0.4850022242855917,0.45452578136920413,0.4850022242855917
21.98,72.5,1.815,barg,314.2,282825.0,0.5645328405848364,303694.99219479965,985.2469224326795,92297.64050615727,324.6481972091562,16434.84991342391,9.278012506210652,liquid,ok,9.608731202617122,1.1076699646825539,1.1076699646825539,5.306524367689511,9.608731202617122,4.046222468084894,0.11938655654334217,0.11527744312182016,0.11938655654334217
23.89,94.27,3.005,barg,279.1,401825.0,0.49434223375823916,395187.5103697752,1241.5921816190253,100287.09219455357,351.6319366288038,30546.627003326255,15.100487826604049,liquid,ok,18.145730699903478,19.4240394576383,19.4240394576383,5.323775223885383,18.145730699903478,4.046296376534671,1.2863186726601652,1.070446805305097,1.2863186726601652
20.64,100.85,61.832,psia,270.9,426316.63295116375,0.4775016634564674,422927.15482948866,1316.353557446913,86691.18468037838,305.6083753890232,39289.14311232284,18.76063119191336,liquid,ok,23.220938446552623,26.45314348588603,26.45314348588603,5.3792412611882465,23.220938446552623,4.1372349321288615,1.4100348338646769,1.1391935578647236,1.4100348338646769
27.27,67.23,1.687,barg,246.5,270025.0,0.4442546650481487,281615.60859644227,920.9153142365973,114421.06974141413,398.94600998837046,10384.520472775883,4.613371664318692,liquid,ok,1.167974937782306,0.0,0.0,5.335598151023526,1.167974937782306,4.058124678052468,0.0,0.0,0.0
23.03,60.4,23.464,psig,415.8,263103.5852957174,0.7521765409279062,253031.59523651743,836.1056202548484,96689.99812883123,339.50457517457454,9258.299575810728,6.963875749807615,liquid,ok,6.520290102157835,0.0,0.0,5.316158450510016,6.520290102157835,4.04781082236416,0.0,0.0,0.0
26.75,88.09,2.75,barg,443.3,376325.0,0.7885824345970316,369176.7990289485,1170.269911421421,112246.93169538263,391.70274437983966,23437.57393779562,18.482459116914807,liquid,ok,19.090853627726744,14.394685278299425,14.394685278299425,5.317417492150899,19.090853627726744,4.0337226653229985,0.7788295479104116,0.7540095146606329,0.7788295479104116
23.77,56.65,31.315,psig,60.0,317234.32480437943,0.10875106290853825,237395.68690811255,788.7970264058627,99785.19555377155,349.9419351207518,7305.63764996588,0.794495859658425,liquid,ok,0.0,0.0,0.0,5.344016400830929,0.0,4.089101641408237,0.0,,0.0
24.32,70.78,2.687,bar_abs,741.1,268700.0,1.3329088591810332,296478.7736945132,964.3595016040813,102085.49487677892,357.68197113482694,13924.913829045196,18.560641006066824,liquid,ok,22.685422955452964,2.8100061178614197,2.8100061178614197,5.281162698013737,22.685422955452964,4.046866223589467,0.15139596293807564,0.12386835913879093,0.15139596293807564
23.58,91.01,3.067,barg,381.5,408025.0,0.677282992254943,381476.769570779,1204.0918220055137,98990.51054744057,347.264650409311,28239.93239559725,19.126425913967406,liquid,ok,20.34483944239468,17.61849480255917,17.61849480255917,5.31065460783728,20.34483944239468,4.031546600465843,0.9211598069502863,0.8659933076613847,0.9211598069502863
27.63,79.33,28.478,psig,599.5,297673.89836366184,1.0726088401680414,332337.343958569,1067.26021152417,115926.18147351503,403.9530356598513,16901.63012858422,18.128837889169944,liquid,ok,19.755006795875808,7.768159053780256,7.768159053780256,5.315259979900402,19.755006795875808,4.050070629002574,0.4284973532926182,0.39322482315733703,0.4284973532926182
26.41,88.74,3.632,bar_abs,665.1,363200.0,1.1826042325524508,371898.4029578654,1177.8347600855536,110825.32165457119,386.9597750484525,24158.570785580174,28.5700280634451,liquid,ok,27.54954590296599,17.226037308209158,17.226037308209158,5.305031271430469,27.54954590296599,4.0416615885378615,0.6029408606094301,0.6252748182812915,0.6029408606094301
26.93,58.17,34.347,psia,249.3,236814.2287484413,0.4514968308933748,243683.31349953858,808.0652842225386,112999.52993780829,394.21148889015075,6494.536658387355,2.932262719382739,liquid,ok,0.0,0.0,0.0,5.354147754684765,0.0,4.0742161392528145,0.0,,0.0
27.06,87.68,3.856,bar_abs,145.9,385600.0,0.2596142525705953,367461.11115100875,1165.4912030549158,113543.06516247874,396.02239772890084,22915.815941607085,5.9492724277256555,liquid,ok,8.064180477165214,11.062699552162544,11.062699552162544,5.335312222649944,8.064180477165214,4.071083035376592,1.8595046178431096,1.3718318412500847,1.8595046178431096
23.21,68.93,1.996,barg,290.9,300925.0,0.5237718034310159,288758.06860085437,941.754365717976,97442.91112419915,342.045882156135,13585.551288268034,7.1157286988607105,liquid,ok,6.188602353588593,0.0,0.0,5.303428730895286,6.188602353588593,4.030865926719431,0.0,0.0,0.0
27.94,87.56,3.22,bar_abs,373.5,322000.0,0.6646400511261686,366907.3219545725,1164.1384846905667,117222.21154232568,408.25971380103016,22097.571285116283,14.686930908703841,liquid,ok,15.582266568722844,12.797737066527933,12.797737066527933,5.338360840331576,15.582266568722844,4.060806605349802,0.8713690522601747,0.8213013819321963,0.8713690522601747
28.02,82.34,2.858,bar_abs,596.6,285800.0,1.0653404866283807,344957.3311755747,1102.9461349728108,117556.66528853422,409.3703761336645,18516.45459745478,19.72632875148479,liquid,ok,20.9050972132023,10.265417984997287,10.265417984997287,5.323878024469438,20.9050972132023,4.059919594596735,0.5203917117230754,0.49104856486935233,0.5203917117230754
26.97,89.71,50.208,psia,778.6,346171.9741753789,1.3834762458723002,375962.7346123993,1189.0992293572046,113166.77225079371,394.76877750474637,24401.507151645812,33.75890550778504,liquid,ok,31.72759730766558,18.957820701559505,18.957820701559505,5.309359778464282,31.72759730766558,4.069125614719218,0.5615650275506622,0.5975183219114792,0.5615650275506622
24.28,62.23,2.56,bar_abs,352.7,256000.0,0.637407457346147,260680.53320747806,858.9964630661173,101918.20552381311,357.1195594581527,9489.080243548087,6.048410510593544,liquid,ok,4.366644094147961,0.0,0.0,5.313308893894128,4.366644094147961,4.033090428520596,0.0,0.0,0.0
25.19,79.11,2.661,bar_abs,536.0,266100.0,0.9591169105634353,331389.37942043087,1064.662108855137,105723.84652628908,369.89510728032224,18388.745644311595,17.636956911508964,liquid,ok,18.897972436453273,7.8977732984164,7.8977732984164,5.2895060459669265,18.897972436453273,4.012728044984196,0.447796824477284,0.41791643653696825,0.447796824477284
22.79,72.9,2.091,barg,221.5,310425.0,0.39788539667532746,305393.18498147407,990.0753829793008,95686.08626217538,336.1136681834179,16173.668842605111,6.435266643135319,liquid,ok,5.957829100273278,0.2566913795129686,0.2566913795129686,5.304646950982382,5.957829100273278,4.039764332293229,0.03988822744225969,0.043084716797464784,0.03988822744225969
25.13,92.89,3.347,bar_abs,249.6,334700.0,0.4425146517432745,389328.6058112866,1225.8061620560923,105472.93721342078,369.0540046899222,28303.635098684666,12.524773228763166,liquid,ok,15.618518374392679,17.437503861602707,17.437503861602707,5.323221297016385,15.618518374392679,4.043666355476387,1.3922410843780744,1.116463382992355,1.3922410843780744
23.42,79.5,29.327,psig,327.4,303527.5473055614,0.5857130672846232,333055.0899036375,1069.27891806035,98321.28735941213,345.0087151156557,19936.988456917403,11.67735466151922,liquid,ok,12.712853144299219,6.915581911608001,6.915581911608001,5.296483727554554,12.712853144299219,4.020429425914589,0.5922216214257113,0.5439834656399797,0.5922216214257113
22.06,82.89,47.647,psia,529.7,328514.50074757566,0.9455555265311721,347299.6208652051,1109.4062021232203,92632.31895790936,325.78204703768665,23333.615084495395,22.06322869709574,liquid,ok,22.52977320436929,12.399745468054407,12.399745468054407,5.298869409710398,22.52977320436929,4.043925077261356,0.5620095607170418,0.5503715175281779,0.5620095607170418
27.36,86.59,3.854,bar_abs,351.0,385400.0,0.6250325759175701,362881.36950128095,1152.7803266764718,114797.35224639071,400.19834389703476,21925.605609841616,13.704217752872031,liquid,ok,14.655010155902204,11.941612215992869,11.941612215992869,5.327971011958922,14.655010155902204,4.0470415020081205,0.8713822584649337,0.8148484435668212,0.8713822584649337
23.47,61.48,1.751,barg,936.8,276425.0,1.6937006407884783,257560.18032689867,849.6200454555876,98530.42106753055,345.71383053780556,9561.097790455591,16.19363745433594,liquid,ok,25.702546197676625,0.0,0.0,5.291716327514138,25.702546197676625,4.130760546471685,0.0,0.0,0.0
22.04,83.43,2.164,barg,469.0,317725.0,0.8368992362386686,349557.9237058482,1115.7754522182838,92548.64970435858,325.49861460684593,23727.454306969274,19.85748838739049,liquid,ok,20.637031956092088,12.30449347245975,12.30449347245975,5.302309443077571,20.637031956092088,4.042495802412646,0.6196399681781058,0.5962336783040859,0.6196399681781058
23.23,73.65,42.499,psia,476.3,293020.29020234686,0.855194699430756,308521.4708516973,999.1570609368429,97526.56703086851,342.32815062697233,16323.951383189415,13.960156696668944,liquid,ok,15.247996136042925,3.21845099691404,3.21845099691404,5.290487996930123,15.247996136042925,4.021021983459067,0.23054547788005847,0.21107370228841588,0.23054547788005847
24.69,83.92,2.103,barg,60.0,311625.0,0.10703097623428298,351610.2832111577,1121.5448103884098,103632.88412352731,362.88057170569124,22016.842238369485,2.3564841183688823,liquid,ok,4.565449619500914,7.795952787901861,7.795952787901861,5.31366135262265,4.565449619500914,4.06039861664176,3.3082984634320747,1.7075980325359716,3.3082984634320747
23.79,62.64,36.001,psia,247.3,248218.15731134114,0.44682601532639366,262389.28922343027,864.1119499040627,99868.84551124541,350.22365120705746,9926.452297096112,4.435397126238982,liquid,ok,1.0578552991142,0.0,0.0,5.316662652583244,1.0578552991142,4.0417341736931345,0.0,0.0,0.0
23.26,82.46,47.523,psia,867.4,327659.5508432229,1.548812637657939,345494.08300280606,1104.3344481081383,97652.05048364571,342.7515162467993,22101.23568614092,34.230673138551694,liquid,ok,33.66838096956657,14.802229510233179,14.802229510233179,5.277038529166763,33.66838096956657,4.0771137472674335,0.4324258962223687,0.4396477966556565,0.4324258962223687
23.09,92.3,2.058,barg,520.8,307125.0,0.9236989808173636,386825.09974644706,1219.0394485807253,96940.97110190884,340.35185573218286,29581.716139086057,27.32460104850235,liquid,ok,26.26164380749245,20.284106185407126,20.284106185407126,5.3098689166142465,26.26164380749245,4.03974830877097,0.7423386035683361,0.7723852449639906,0.7423386035683361
23.94,77.1,47.693,psia,243.8,328831.6595830614,0.43682100744741703,323010.58282795816,1040.624625840027,100496.21360532628,352.335895059735,18030.670195114944,7.876175519582225,liquid,ok,8.167083961186009,3.7727991862179593,3.7727991862179593,5.299073899810776,8.167083961186009,4.0235598720121875,0.47901410739740335,0.4619518060727859,0.47901410739740335
25.34,84.42,2.53,barg,237.5,354325.0,0.4235319152082249,353743.231865227,1127.3908164936543,106351.11257705642,371.99709968822856,21914.648758919095,9.281553159980552,liquid,ok,10.768074319367305,9.696109773472546,9.696109773472546,5.308254926138381,10.768074319367305,4.028892288680034,1.044664573519812,0.9004497448567254,1.044664573519812
23.87,74.08,32.493,psig,287.2,325356.3488957314,0.5155395238445581,310349.4521365079,1004.3292797769913,100203.4432706169,351.35031886639206,16198.197896224825,8.35081123055967,liquid,ok,8.245349950496028,1.528326952538798,1.528326952538798,5.297690098688147,8.245349950496028,4.020089236139155,0.18301538740881942,0.18535622644456176,0.18301538740881942
24.7,56.55,37.451,psia,274.8,258215.55538643477,0.49809185487043844,236927.57378433616,787.5591311789519,103674.70453201467,363.0209816789704,6804.181423751987,3.3891073462316075,liquid,ok,0.0,0.0,0.0,5.336035665370366,0.0,4.055120018583103,0.0,,0.0
24.61,56.28,32.431,psia,670.8,223603.8737747314,1.2160117582549335,235769.34540404752,784.1513287178149,103298.31912210221,361.75711635476364,6698.925608723162,8.145972307882454,liquid,ok,12.730774744898273,0.0,0.0,5.319348982602707,12.730774744898273,4.075093250964543,0.0,0.0,0.0
26.12,78.85,2.712,bar_abs,494.4,271200.0,0.8848262937144581,330302.932536054,1061.5618587000893,109612.7342266584,382.9099194114663,17590.032438489376,15.564123208865645,liquid,ok,16.688176375252542,6.90883680150996,6.90883680150996,5.298703843404712,16.688176375252542,4.017706929208255,0.44389502118401014,0.41399591220496124,0.44389502118401014
26.11,71.2,41.261,psia,736.6,284484.58067340485,1.3244966759675079,298250.7553690447,969.4615835463196,109570.92023621744,382.7701971237122,13106.570831997815,17.3596095003138,liquid,ok,21.60581264274431,2.4522978052955224,2.4522978052955224,5.292126400775782,21.60581264274431,4.051106803208465,0.1412645719508376,0.11350176204175573,0.1412645719508376
26.22,73.51,2.402,barg,516.2,341525.0,0.9269338375518125,307974.14912756707,997.435174789979,110030.87180475077,384.3068777907907,14391.059050169337,13.339559591808205,liquid,ok,14.736380542943415,2.3316841378605453,2.3316841378605453,5.300247021763653,14.736380542943415,4.022383353639024,0.17479468657214348,0.15822637933824824,0.17479468657214348
20.09,66.76,2.767,bar_abs,696.5,276700.0,1.255604986471331,279653.7405158589,915.1275391456084,84389.68677861519,297.76721358302103,14229.311869270663,17.86639493711194,liquid,ok,21.73496107878334,0.4305281329413937,0.4305281329413937,5.3230290008366685,21.73496107878334,4.135234133970033,0.024097090345131904,0.019808093116930183,0.024097090345131904
24.61,68.38,1.707,barg,600.6,272025.0,1.0817219988994486,286431.58344315755,935.0342932462991,103298.31912210221,361.75711635476364,12434.25212983173,13.450404068701305,liquid,ok,16.230209200365422,0.0,0.0,5.29072800654882,16.230209200365422,4.028069025769504,0.0,0.0,0.0
25.29,49.96,1.826,bar_abs,164.1,182600.0,0.29837233407404157,209315.86531285907,703.1977296037983,106142.0250359986,371.2965567717635,4121.254256868022,1.2296682519342914,liquid,ok,0.0,0.0,0.0,5.3726992320434706,0.0,4.096906031168437,0.0,,0.0
23.16,67.11,1.851,barg,746.9,286425.0,1.3462021369214947,281126.803013938,919.4298016043261,97233.77040471764,341.34012441574924,12599.280361473153,16.96117814628818,liquid,ok,21.80261610458936,0.051821107532330046,0.051821107532330046,5.28697206483575,21.80261610458936,4.065617881757841,0.0030552775924749475,0.0023768297934403347,0.0030552775924749475
26.49,53.63,1.543,barg,688.9,255625.0,1.2504654118014467,224718.09237329307,750.3700870963781,111159.82237742376,388.07626611954316,5000.549478370478,6.25301416270405,liquid,ok,10.883273249400204,0.0,0.0,5.345715106975751,10.883273249400204,4.102512527795213,0.0,0.0,0.0
26.01,97.88,39.677,psig,584.1,374888.28528985026,1.0318244779632728,410369.4173695468,1282.7866757316895,109152.7779908512,381.37270957524373,31549.63726333331,32.55368799916951,liquid,ok,29.45371109261486,24.724565200566275,24.724565200566275,5.329367879730556,29.45371109261486,4.051421843487779,0.7595012030955458,0.8394380294836816,0.7595012030955458
26.07,65.69,1.988,barg,373.0,300125.0,0.6728312724044044,275194.68488559185,901.9180724847893,109403.66384958557,382.2112598596802,10284.34856232116,6.919631329036953,liquid,ok,5.7239466932300935,0.0,0.0,5.316132196929431,5.7239466932300935,4.031655912420648,0.0,0.0,0.0
23.41,82.1,39.366,psia,338.9,271419.01560285146,0.6052600626869139,343938.6629188396,1100.1213327778053,98279.46045756375,344.86767722564025,21681.1783707258,13.12275137979166,liquid,ok,14.443019461375393,9.34486020236547,9.34486020236547,5.297832704895184,14.443019461375393,4.021395205315878,0.7121113501209859,0.6470156899917083,0.7121113501209859
29.03,81.75,3.43,bar_abs,690.3,343000.0,1.2331668042028536,342526.4724919969,1095.9364894583937,121778.9541485925,423.3665405496656,17510.331182164984,21.59315914444397,liquid,ok,23.337751412539447,10.254430832544607,10.254430832544607,5.341455305863848,23.337751412539447,4.100634269566923,0.4748925696304667,0.439392409803237,0.4748925696304667
26.49,67.88,1.602,barg,343.5,261525.0,0.6188414883767386,284329.6663315521,928.9067989379802,111159.82237742376,388.07626611954316,11115.383100411884,6.878660221736537,liquid,ok,5.497102363461677,0.0,0.0,5.318285495049508,5.497102363461677,4.034217998684165,0.0,0.0,0.0
24.83,91.31,3.934,bar_abs,464.1,393400.0,0.8237446506376513,382727.1680643209,1207.56567435729,104218.3654877413,364.84586785337325,27395.15463454253,22.566612083595672,liquid,ok,22.653286488657077,18.194605033397334,18.194605033397334,5.307952250939348,22.653286488657077,4.024099053546134,0.806262143648205,0.8031772803697914,0.806262143648205
23.93,84.87,2.788,bar_abs,479.5,278800.0,0.8548018614038679,355573.5348115397,1132.724173343949,100454.38942575097,352.195113197374,23239.57219744427,19.865229572604942,liquid,ok,20.54524230137635,12.96027140169787,12.96027140169787,5.293724812164094,20.54524230137635,4.016240147835469,0.652409847786037,0.6308161866180398,0.652409847786037
24.56,50.98,20.078,psig,420.0,239757.9371010506,0.7633191282094175,213628.09152650143,716.3439216424373,103089.21442497439,361.0547981938613,4765.7521596515,3.637789783767331,liquid,ok,0.958135548594095,0.0,0.0,5.351348005528941,0.958135548594095,4.0739201912078595,0.0,0.0,0.0
25.97,79.67,43.689,psia,516.8,301225.05138121673,0.9244450463605249,333766.35866804636,1071.302072077121,108985.51989560714,380.81357975141094,18241.92094797283,16.863653456453775,liquid,ok,17.99795820049853,7.911432974400643,7.911432974400643,5.296465617547921,17.99795820049853,4.016981163239914,0.4691411024799559,0.43957391645578453,0.4691411024799559
27.78,103.33,41.767,psig,544.4,389298.3280325714,0.9577579147274828,433361.7595945302,1344.2645489860056,116553.29715864552,406.037480653166,34467.79076248332,33.011799405939215,liquid,ok,29.644018908576562,28.509915176664958,28.509915176664958,5.374724067433515,29.644018908576562,4.098955003287314,0.8636280266363089,0.9617425783120288,0.8636280266363089
24.09,68.71,22.807,psig,382.5,258573.72975410608,0.6887739276375255,287802.1946807318,939.0857300144038,101123.57017845823,354.44703394531706,12900.61848269825,8.885609661281329,liquid,ok,8.835769679207987,0.0,0.0,5.298527811897777,8.835769679207987,4.01903509556149,0.0,0.0,0.0
25.58,74.06,3.458,bar_abs,556.0,345800.0,0.9980714355910446,310282.1804675648,1004.0751801620104,107354.71704920476,375.35802038046245,15110.786276818253,15.08164415221345,liquid,ok,16.84897683276894,3.451104800167702,3.451104800167702,5.292069162904875,16.84897683276894,4.018330830774046,0.22882815463201353,0.2048257787057893,0.22882815463201353
23.78,109.55,3.307,barg,1051.0,432025.0,1.840049368875035,459670.1564688548,1413.4552917725089,99827.02055845455,350.08279562319296,44095.94062878395,81.13870772394493,liquid,ok,53.0612791761274,40.34513579103459,40.34513579103459,5.359815550323784,53.0612791761274,4.18919560013064,0.4972366078136132,0.760349852424706,0.4972366078136132
26.34,57.3,37.19,psia,861.2,256416.0237329179,1.5603872902369371,240061.9485871222,797.0606182958052,110532.631353602,385.9825935032023,6415.559588383578,10.010757641471452,liquid,ok,19.080170195926208,0.0,0.0,5.323000252011252,19.080170195926208,4.12503658365488,0.0,0.0,0.0
25.18,58.1,32.297,psia,221.4,222679.97629744688,0.40098014684809885,243378.66475316958,807.1890362375059,105682.02842279301,369.75493564943633,7196.921101937769,2.885822480309188,liquid,ok,0.0,0.0,0.0,5.336082334347822,0.0,4.056495366859231,0.0,,0.0
26.21,65.39,32.982,psia,595.1,227402.88504326696,1.0736081276596268,273878.97553903674,898.2523925580573,109989.0582367081,384.1672035869023,9993.375131923676,10.728968764384854,liquid,ok,13.52993950554301,0.0,0.0,5.308540443864667,13.52993950554301,4.042801804494007,0.0,0.0,0.0
24.51,91.56,53.667,psia,703.6,370020.93965244706,1.2486064398790848,383760.63552123285,1210.466802061728,102880.10851301074,360.3523579887039,27835.461585445824,34.75553659259454,liquid,ok,31.51384596862756,20.82731108760504,20.82731108760504,5.297778989481177,31.51384596862756,4.0427009000275165,0.5992516050534169,0.6608939800092599,0.5992516050534169
24.83,79.62,2.232,barg,805.3,324525.0,1.4405715289943404,333575.1824262111,1070.692243531047,104218.3654877413,364.84586785337325,19028.713914036518,27.41222349793947,liquid,ok,29.053218305003792,11.082461280394538,11.082461280394538,5.277149868644931,29.053218305003792,4.050920618006897,0.40428903117718956,0.3814538260116203,0.40428903117718956
22.52,72.1,1.982,barg,514.4,299525.0,0.924466220685985,302032.88343309093,980.3859868034576,94556.6466128132,332.29547805501,15855.316098624258,14.657704151476825,liquid,ok,16.291807746448516,2.480670709121167,2.480670709121167,5.293514967131977,16.291807746448516,4.035226934316351,0.16924005857160304,0.15226491422733204,0.16924005857160304
23.22,82.67,3.333,bar_abs,693.4,333300.0,1.237954353973149,346379.9627322874,1106.8085259345899,97484.7391047121,342.18701886430506,22284.347577155015,27.587005108590045,liquid,ok,27.558989353569235,13.331846309838705,13.331846309838705,5.2839061151050375,27.558989353569235,4.040707307907437,0.48326544535591626,0.48375672049497936,0.48326544535591626
23.22,71.36,43.165,psia,522.2,297612.1985595967,0.9388960229285347,298931.61557966267,971.3993512034028,97484.7391047121,342.18701886430506,14967.217539612175,14.05266102224808,liquid,ok,15.762390554926132,1.629211335235702,1.629211335235702,5.290222015996534,15.762390554926132,4.02577681945744,0.11593614424032185,0.10336067549896699,0.11593614424032185
21.52,69.12,2.803,bar_abs,60.0,280300.0,0.10801844347040071,289536.7017506166,944.0915123350142,90373.1639693328,318.1223343950507,14709.20011771479,1.5888649014101865,liquid,ok,0.0,0.0,0.0,5.32688767915674,0.0,4.096566574991391,0.0,,0.0
25.96,94.33,3.171,barg,687.1,418425.0,1.2169494104823202,395452.73845306004,1242.2670537376223,108943.70526443465,380.6737852537222,28797.87065240601,35.0455517135916,liquid,ok,31.384661167375217,22.572159347377994,22.572159347377994,5.313268609934042,31.384661167375217,4.050671262365523,0.6440805820906483,0.7192099104400101,0.6440805820906483
26.47,50.7,2.116,bar_abs,218.5,211600.0,0.3971542661205114,212433.6140793899,712.7451392921433,111076.19744356345,387.79717212397384,3996.5067128994997,1.5872296906072982,liquid,ok,0.0,0.0,0.0,5.3792921568966285,0.0,4.099292017237849,0.0,,0.0
23.09,99.14,3.989,bar_abs,884.1,398900.0,1.560338277034648,415697.3308948275,1297.0548086438419,96940.97110190884,340.35185573218286,35342.67702236888,55.14653177087509,liquid,ok,42.547987073823876,29.81470367068585,29.81470367068585,5.318578254130737,42.547987073823876,4.111013442633504,0.5406451269603157,0.7007312383299157,0.5406451269603157
24.38,81.9,51.4,psia,726.1,354390.5248688352,1.2970007460162793,343164.9746396858,1097.7021592397377,102336.4274192791,358.5254418688795,20901.29850105528,27.10899974857764,liquid,ok,27.620816730895243,12.517147978322718,12.517147978322718,5.280383280820705,27.620816730895243,4.0358297308746325,0.4617340401495068,0.4531780540841746,0.4617340401495068
25.65,68.4,39.908,psia,547.6,275155.97405574855,0.9862554010653193,286517.8891321743,935.2776228531305,107647.43016872859,376.337764061635,11859.229156546935,11.696228808115725,liquid,ok,13.669393774761996,0.0,0.0,5.299251233241147,13.669393774761996,4.026163571305389,0.0,0.0,0.0
27.56,76.09,35.749,psig,412.8,347805.6786422864,0.7400927341234339,318791.66503452195,1028.5060794523806,115633.52465424294,402.97992947145735,15056.171819515585,11.142963367337485,liquid,ok,11.46296404328702,3.113956759638839,3.113956759638839,5.322576602868795,11.46296404328702,4.043004928310253,0.2794549938812993,0.2716537143342472,0.2794549938812993
23.38,54.43,2.375,bar_abs,60.0,237500.0,0.10886666860070998,228046.83507663236,760.6003036801753,98153.97943077271,344.44453393574383,6490.185243543383,0.7065648460660556,liquid,ok,0.0,0.0,0.0,5.352404366696207,0.0,4.099804736606488,0.0,,0.0
27.23,79.77,2.089,barg,643.2,310225.0,1.150478847252825,334193.00990553724,1072.4849232330682,114253.83208179886,398.38929341091,17454.332537758484,20.080840377607856,liquid,ok,21.795523801317657,8.733508619644127,8.733508619644127,5.306922186664906,21.795523801317657,4.046004487797978,0.4349174862912043,0.4007019376664918,0.4349174862912043
27.91,79.99,3.83,bar_abs,215.0,383000.0,0.3845248164002535,335173.8198718861,1075.0511006680595,117096.79079776815,407.8431373843106,17207.399647912505,6.616672190339343,liquid,ok,6.100040776779872,4.546140452923211,4.546140452923211,5.338327632039624,6.100040776779872,4.069311281862003,0.6870735502902491,0.7452639448294076,0.6870735502902491
23.38,92.15,3.852,bar_abs,361.5,385200.0,0.6412540216333376,386254.0916774983,1217.2549661237754,98153.97943077271,344.44453393574383,29285.634790008626,18.779531085178217,liquid,ok,20.330910168643115,18.518692928508862,18.518692928508862,5.315188508053866,20.330910168643115,4.037628751614657,0.9861105074729357,0.9108639394349751,0.9861105074729357
26.72,82.9,41.83,psig,433.5,389732.6977420409,0.7738479303217194,347389.9271934894,1109.4825992032386,112121.4973990444,391.2844697197323,19902.356706225924,15.401397545637524,liquid,ok,16.156229684297305,9.695360179106157,9.695360179106157,5.310590990032357,16.156229684297305,4.027078548243857,0.6295117147893106,0.6001004175206391,0.6295117147893106
26.49,61.54,38.935,psia,500.9,268447.37520949607,0.9055770073524473,257804.49086136912,850.3743341053134,111159.82237742376,388.07626611954316,8121.675392689154,7.354802496799456,liquid,ok,8.00829984942477,0.0,0.0,5.325636146857204,8.00829984942477,4.04950041993816,0.0,0.0,0.0
26.65,83.28,2.467,barg,347.6,348025.0,0.6203391689422508,348952.12043991906,1113.9885284481927,111828.81596675857,390.30832806297644,20163.980397672683,12.50850684246011,liquid,ok,13.31235925101836,9.235110285072857,9.235110285072857,5.314032820746158,13.31235925101836,4.030008284970195,0.7383063703274548,0.6937245390494097,0.7383063703274548
25.31,94.4,48.646,psia,530.5,335402.36328345054,0.9395043292256193,395683.95592847123,1243.1309042562873,106225.66018904785,371.5767884791913,29334.25434459129,27.55965895134895,liquid,ok,26.25816145931766,21.390880019255533,21.390880019255533,5.315503945263806,26.25816145931766,4.0338968715727574,0.7761663544899754,0.8146373862616729,0.7761663544899754
26.48,91.22,3.721,bar_abs,469.0,372100.0,0.832486094094707,382332.230043967,1206.542510765083,111118.00993102096,387.9367215189235,25935.36748111926,21.590832773267852,liquid,ok,21.745018451613653,17.52785159383384,17.52785159383384,5.319467002493598,21.745018451613653,4.035464596524753,0.811819153892735,0.8060628521808927,0.811819153892735
24.09,85.76,2.335,barg,279.3,334825.0,0.49762222274965257,359355.3369794998,1143.1127954245947,101123.57017845823,354.44703394531706,23808.75585894112,11.847766011430094,liquid,ok,13.728132127986719,11.77061429858188,11.77061429858188,5.30416348183832,13.728132127986719,4.02554182947051,0.993488079290747,0.8574082904247283,0.993488079290747
22.95,102.33,4.189,bar_abs,239.5,418900.0,0.4216790247896754,429164.1767195863,1333.0178474998747,96355.36440451325,338.37459028083276,38294.94385251473,16.148174578103784,liquid,ok,21.405072018513433,26.58655185987431,26.58655185987431,5.359621158674214,21.405072018513433,4.09216318040664,1.6464122140421065,1.2420678536787622,1.6464122140421065
28.5,80.71,2.782,bar_abs,760.2,278200.0,1.3589130195370482,338111.11859556957,1083.6653957837893,119563.34064203242,416.0280045740011,17154.95889510456,23.312096992180482,liquid,ok,25.66353207867042,10.206630760422218,10.206630760422218,5.326113900313681,25.66353207867042,4.095146026064394,0.4378255102424206,0.39770950970950697,0.4378255102424206
23.95,64.99,1.388,barg,565.7,240125.0,1.0208006266841798,272215.52252989676,893.2975304284483,100538.03773369717,352.47667201113086,10999.607760414598,11.228406495111388,liquid,ok,13.686081072466349,0.0,0.0,5.296994205847131,13.686081072466349,4.034318087610503,0.0,0.0,0.0
23.86,96.2,2.454,barg,408.3,346725.0,0.7221511642129828,403271.2552386378,1263.6914701223516,100161.61873141292,351.2095026139873,32093.367337565636,23.17626258633794,liquid,ok,23.72732301681691,22.384026520594233,22.384026520594233,5.3240016229019655,23.72732301681691,4.042428254243923,0.9658169188068002,0.9433860914157655,0.9658169188068002
23.23,90.96,47.977,psia,720.5,330789.7706543211,1.2791131123196129,381206.9037998962,1203.5705573506032,97526.56703086851,342.32815062697233,28425.312264277978,36.359189639017465,liquid,ok,32.624197971211416,20.94750290120819,20.94750290120819,5.297555404088504,32.624197971211416,4.054903596962428,0.5761267814046434,0.6420848389803453,0.5761267814046434
24.77,78.21,3.391,bar_abs,642.4,339100.0,1.1502032203462382,327673.126702118,1053.8855487889523,103967.44604925357,364.00371501106787,18176.08473375716,20.906191194053587,liquid,ok,22.538300627227198,8.284358571900437,8.284358571900437,5.282854872490266,22.538300627227198,4.02216883698134,0.3962634080499935,0.3675680216055238,0.3962634080499935
25.32,57.64,18.205,psig,823.0,226844.05669094692,1.4908971418335224,241458.63464611513,801.3759110294226,106267.47769721995,371.7168970620262,6950.8310500463995,10.362974145881878,liquid,ok,18.50039413008495,0.0,0.0,5.312943667506697,18.50039413008495,4.104482329497613,0.0,0.0,0.0
25.32,82.92,2.292,barg,363.2,330525.0,0.6483279434331758,347427.13486844103,1109.7585113987623,106267.47769721995,371.7168970620262,20876.376540135505,13.53473826860265,liquid,ok,14.526493021776833,9.575121627823119,9.575121627823119,5.300456561622738,14.526493021776833,4.014893954475804,0.7074478602984963,0.6591488815276298,0.7074478602984963
24.34,72.13,2.093,barg,711.7,310625.0,1.279032150604988,302167.5802137575,980.7431947167287,102169.13925553669,357.96314761321275,14727.604745395918,18.837079970763966,liquid,ok,22.282280580517334,3.717080000540122,3.717080000540122,5.281000202052984,22.282280580517334,4.039020199393628,0.1973278239678976,0.16681775400450602,0.1973278239678976
26.16,68.29,2.07,barg,696.8,308325.0,1.2550701053239048,286084.6012688076,933.9095932017069,109779.98976469731,383.46876046293977,11552.165857069893,14.498778018951928,liquid,ok,18.690159827779695,0.0,0.0,5.2983024252384405,18.690159827779695,4.049913520694649,0.0,0.0,0.0
21.45,86.43,46.174,psia,527.0,318358.52325473924,0.9385115237023,362156.8295654345,1150.9584271101714,90080.29739180607,317.12833646892216,26430.187470716395,24.80503551487948,liquid,ok,24.58467953024832,15.755113597945925,15.755113597945925,5.311172953655079,24.58467953024832,4.062982991606071,0.6351578730252212,0.6408508835171621,0.6351578730252212
23.08,79.13,2.939,bar_abs,597.2,293900.0,1.0686280486091957,331495.4453624405,1064.8820473931542,96899.14241067733,340.21065468829704,19926.896290803357,21.29444029807901,liquid,ok,22.43422729680699,9.315142647230719,9.315142647230719,5.285731252547603,22.43422729680699,4.029125684858834,0.4374448220679952,0.4152201243212206,0.4374448220679952
24.89,68.99,41.689,psia,181.6,287435.53679488075,0.3269614511012377,288998.22831259685,942.4966597314744,104469.28321676141,365.68784540411355,12616.846073708817,4.125222300580789,liquid,ok,1.2107650696758583,0.0,0.0,5.310186957550273,1.2107650696758583,4.03564922498963,0.0,0.0,0.0
22.51,69.21,1.519,barg,379.3,253225.0,0.6828127054149111,289891.3607170309,945.2084185896782,94514.81471453895,332.15399394874703,14120.874813154223,9.641912733995113,liquid,ok,9.965787738878465,0.0,0.0,5.302425492828897,9.965787738878465,4.036382933511092,0.0,0.0,0.0
23.74,83.11,48.323,psia,818.8,333175.3566777572,1.4614129516630023,348226.78082534997,1111.995995873893,99659.72022793116,349.51932409718927,22195.361513633252,32.436588782866174,liquid,ok,31.94434473084665,14.72758549177331,14.72758549177331,5.278106559712194,31.94434473084665,4.059611922540331,0.454042365254906,0.46103889799159986,0.454042365254906
24.8,82.02,53.256,psia,139.7,367187.194404955,0.2495219560800668,343678.7010803318,1099.1117037330014,104092.90598273076,364.4248133499235,20685.836107962998,5.161570288810603,liquid,ok,6.3845849924628855,6.825101582287569,6.825101582287569,5.30798470227002,6.3845849924628855,4.0406348460764825,1.3222917058948545,1.068996902750096,1.3222917058948545
24.89,81.78,3.407,bar_abs,332.7,340700.0,0.594330210092826,342650.5463244389,1096.2927522450568,104469.28321676141,365.68784540411355,20431.77667280275,12.14322212251656,liquid,ok,13.128889446623308,8.43224645573942,8.43224645573942,5.298659239768306,13.128889446623308,4.014583771878884,0.6943994246884386,0.642266544327415,0.6943994246884386
29.08,76.75,28.242,psig,682.1,296046.73564247414,1.222379950140314,321516.8776611162,1036.453982571337,121987.96955869226,424.0581750712238,14444.523201664735,17.65669555105155,liquid,ok,20.529376057198892,5.7151940883795085,5.7151940883795085,5.342560564896742,20.529376057198892,4.1026470807292155,0.32368424045455885,0.2783910272019885,0.32368424045455885
24.19,97.4,2.668,barg,654.4,368125.0,1.1564165738722085,408342.0171832733,1277.3378864792196,101541.80156453229,355.85384678853006,32806.1512571114,37.937577038682214,liquid,ok,32.854375428576006,25.66556699443632,25.66556699443632,5.3173224732550555,32.854375428576006,4.05269206739543,0.6765209852033246,0.781191748728633,0.6765209852033246
23.15,92.64,3.963,bar_abs,429.3,396300.0,0.761261703870392,388324.0316886989,1222.886075005294,97191.94209712384,341.1989580243699,29888.1968301273,22.75273964451636,liquid,ok,23.13624568818709,19.69019305899127,19.69019305899127,5.314484022004599,23.13624568818709,4.0389791742780865,0.865398776878142,0.8510539403998763,0.865398776878142
24.56,45.0,18.179,psig,392.3,226664.79300132458,0.7148650546801271,188626.942756727,638.5316804599402,103089.21442497439,361.0547981938613,2930.085712318265,2.0946158829538555,liquid,ok,0.0,0.0,0.0,5.382750222108157,0.0,4.104672404015046,0.0,,0.0
23.99,76.85,1.882,barg,448.6,289525.0,0.8038760215754321,321930.8911827287,1037.6561838363832,100705.33373600412,353.03973071659965,17798.624566712097,14.307887506203269,liquid,ok,15.378142762477102,5.506116895943162,5.506116895943162,5.2895307720329425,15.378142762477102,4.011690695548963,0.3848308769240709,0.3580482364475227,0.3848308769240709
26.13,72.4,1.948,barg,501.2,296125.0,0.9005808061293369,303286.86583910114,984.026589186117,109654.5481746891,383.04963688881816,13771.935380876472,12.40274066727087,liquid,ok,13.695417297253275,1.2338371802556622,1.2338371802556622,5.300847707333766,13.695417297253275,4.021813303805839,0.09948101096006863,0.09009124391581103,0.09948101096006863
23.88,83.57,49.538,psia,157.0,341552.48678895633,0.28013320905864414,350164.4378251104,1117.4071413069391,100245.26775831592,351.4911302045054,22419.137289038597,6.280344873104694,liquid,ok,8.37156815226579,8.726293032005895,8.726293032005895,5.307297673203019,8.37156815226579,4.041537620714451,1.3894608032396227,1.0423725726516482,1.3894608032396227
26.88,88.19,45.409,psia,464.8,313084.0339254657,0.8267472549052706,369547.8590286384,1171.4780303862517,112790.47615991461,393.5147706938512,23345.06606321287,19.300469283343432,liquid,ok,19.82665653195421,14.639429684978051,14.639429684978051,5.318324100351657,19.82665653195421,4.035850833349504,0.7585012296883412,0.7383710743858394,0.7585012296883412
25.42,92.92,47.521,psig,646.3,428970.76149746,1.145849235163658,389527.1628415035,1226.081290897293,106685.65028210224,373.11771640049324,28172.178121891775,32.281068753864034,liquid,ok,29.574561006038245,21.138518553651846,21.138518553651846,5.3070634554023535,29.574561006038245,4.0388957977417075,0.654827097418253,0.7147534176191488,0.654827097418253
22.78,79.7,2.609,barg,300.8,362225.0,0.5380718403551569,333940.7899627032,1071.6185960354067,95644.25590162547,335.9723183581041,20596.731108033593,11.082521012599946,liquid,ok,12.261129453667985,7.083356323324683,7.083356323324683,5.30066151716442,12.261129453667985,4.031053647236957,0.6391466630445789,0.5777083057552791,0.6391466630445789
22.44,74.25,2.007,barg,473.1,302025.0,0.8491432842079736,311042.9655506782,1006.3949320692308,94221.98981109694,331.1634657293249,17229.306604168523,14.630149994489788,liquid,ok,15.930565898548815,4.024624021307201,4.024624021307201,5.294634596093635,15.930565898548815,4.032885593416014,0.2750910976868324,0.25263534559521333,0.2750910976868324
24.57,78.38,35.4,psig,60.0,345399.40834697074,0.10741746692733163,328391.0714392499,1055.9099631701336,103131.03546142096,361.195271587713,18429.577999910747,1.9796585852900914,liquid,ok,1.8118370789703508,2.9002290888795557,2.9002290888795557,5.3094282234975,1.8118370789703508,4.055267156894648,1.4650147810485046,1.6007118534784195,1.4650147810485046
24.21,98.67,44.864,psig,551.6,410651.39136951265,0.9738590459318726,413725.339034576,1291.7216124873846,101625.44723871278,356.1351505524875,33893.90147490235,33.00788255325729,liquid,ok,29.826337211009033,25.808645778113515,25.808645778113515,5.326213281038334,29.826337211009033,4.048799330650563,0.7818934079298178,0.8652971900481106,0.7818934079298178
25.27,95.61,39.774,psig,225.7,375557.07674728753,0.3993677701409656,400808.67052768363,1256.9375299764836,106058.38970040808,371.01630567226624,30373.669070411066,12.130264487649681,liquid,ok,16.056892466800576,19.578840467656583,19.578840467656583,5.3330894761256165,16.056892466800576,4.055952704691013,1.6140489341836366,1.219341818981352,1.6140489341836366
27.82,87.37,41.015,psig,106.8,384113.470548109,0.19007988089961725,366157.3809735232,1161.880769430648,116720.52662154744,406.59315256927914,22117.94030520963,4.204175458959091,liquid,ok,6.031203017208343,10.120011320875442,10.120011320875442,5.349131261403971,6.031203017208343,4.096040577015515,2.4071334366670434,1.6779424091679278,2.4071334366670434
24.11,85.3,2.366,barg,471.7,337925.0,0.8406778750945054,357425.76914735604,1137.7242337995688,101207.21685882466,354.72843572967054,23465.22135427344,19.726692426732807,liquid,ok,20.368613776873204,13.198874099324001,13.198874099324001,5.294622007794292,20.368613776873204,4.015494171068742,0.669087032625775,0.6480006074006951,0.669087032625775
24.19,96.66,4.081,bar_abs,404.8,408100.00000000006,0.7157411627076122,405255.2024782143,1268.8867815425288,101541.80156453229,355.85384678853006,32232.188093928038,23.06990378295851,liquid,ok,23.626617034180477,22.633330624342836,22.633330624342836,5.3254011714661535,23.626617034180477,4.041957453280461,0.9810760737139197,0.9579590083336662,0.9810760737139197
23.76,78.77,2.456,barg,484.4,346925.0,0.8670034428957779,330027.87025185034,1060.559137137273,99743.37049715141,349.8010696992532,19253.32195167654,16.692696419284417,liquid,ok,17.77356768421084,7.647595120796208,7.647595120796208,5.288394678608683,17.77356768421084,4.013912950811995,0.45814019069808526,0.43027912328428886,0.45814019069808526
25.23,45.0,27.143,psia,447.7,187144.39720845904,0.8158030093751953,188592.39440651404,638.5485290732896,105891.11848033725,370.4557452824224,2707.751098657842,2.2089914949240588,liquid,ok,0.0,0.0,0.0,5.384547484433698,0.0,4.107761760094635,0.0,,0.0
23.54,94.0,3.616,bar_abs,609.7,361600.0,1.0800901784273225,394020.346215697,1238.5281375473476,98823.20602377508,346.70078493821666,30600.88294631883,33.051713121523115,liquid,ok,29.9895022532648,22.4701606920786,22.4701606920786,5.309121199533957,29.9895022532648,4.043979082872571,0.6798485939128566,0.7492675437663322,0.6798485939128566
24.7,80.09,2.328,barg,416.8,334125.0,0.7453770217421793,335554.4254145655,1076.2711069129266,103674.70453201467,363.0209816789704,19438.17108161698,14.488766068930621,liquid,ok,15.416035852712458,7.810028324274171,7.810028324274171,5.292954912966837,15.416035852712458,4.009711841863871,0.5390402665843171,0.5066171614345327,0.5390402665843171
21.73,57.06,30.104,psia,533.1,207559.77355352946,0.9660071364141725,239017.08786060792,794.0477368985605,91251.74543015387,321.1028500412184,8303.354193960986,8.021099407540861,liquid,ok,9.921333261959875,0.0,0.0,5.330071904080333,9.921333261959875,4.089614198113276,0.0,0.0,0.0
22.81,84.04,3.678,bar_abs,461.1,367800.0,0.8224890204675335,352158.3215270515,1122.917110189445,95769.74681440205,336.39635293509787,23609.89139565287,19.418876447355373,liquid,ok,20.17576716968166,12.475667278916372,12.475667278916372,5.297272019742056,20.17576716968166,4.0280866693223,0.6424505203860759,0.6183490904704576,0.6424505203860759
25.01,84.82,2.28,barg,784.6,329325.0,1.3987815193967628,355403.2360941999,1132.1027956850096,104971.11358150962,367.3712750309226,22419.7723144677,31.360363182560608,liquid,ok,30.763604569057662,15.428886682238435,15.428886682238435,5.283181424008451,30.763604569057662,4.047539149342448,0.49198686228284455,0.5015305227839576,0.49198686228284455
26.5,79.5,3.583,bar_abs,93.7,358300.0,0.16763193287011852,333098.7406060032,1069.242941866967,111201.634782808,388.21580592627555,17827.324538567045,2.9884288703028874,liquid,ok,2.3806580495829035,3.482819464518755,3.482819464518755,5.322509694527608,2.3806580495829035,4.062516161886087,1.1654349545103142,1.4629650256276632,1.1654349545103142
26.73,88.86,3.139,bar_abs,554.3,313900.0,0.9854879291632417,372364.51373180456,1179.2635038200565,112163.30887127263,391.42389938953585,23943.864283907373,23.596389229313584,liquid,ok,23.45161498461754,16.149320600632045,16.149320600632045,5.313679141570178,23.45161498461754,4.036688436728099,0.6843979578269496,0.6886229631189477,0.6843979578269496
28.62,75.28,45.308,psia,610.8,312387.6634388557,1.0956087613209076,315367.98083547095,1018.7956358098854,120064.99713738484,417.69071546235926,13907.551884813176,15.237235693526419,liquid,ok,17.520356175924192,3.8976548918882337,3.8976548918882337,5.335372040657668,17.520356175924192,4.080103784951514,0.25579803123634576,0.22246436389485294,0.25579803123634576
24.08,69.87,40.838,psia,429.0,281568.0983383948,0.7719958750527385,292678.27688345587,953.2563327536565,101081.74676245164,354.3063256975982,13570.61952373205,10.476462294231302,liquid,ok,11.107164378116357,0.0,0.0,5.294851150120501,11.107164378116357,4.0168834186644,0.0,0.0,0.0
24.77,79.8,3.315,bar_abs,462.7,331500.0,0.8276143398574484,334335.7972152188,1072.8274798979548,103967.44604925357,364.00371501106787,19195.575130863872,15.886533240113957,liquid,ok,16.874850671325177,7.966987042022218,7.966987042022218,5.290998950842435,16.874850671325177,4.009493328057097,0.5014931150557974,0.47212192849565365,0.5014931150557974
27.58,73.05,2.147,barg,163.2,316025.0,0.29313410692507913,306026.1710406555,991.8875873718549,115717.14107344834,403.25798353915127,13290.44920659822,3.8958839588092955,liquid,ok,0.9187085668305652,0.0,0.0,5.337007984079086,0.9187085668305652,4.070360512332932,0.0,0.0,0.0
24.93,79.76,35.061,psig,331.0,343062.0856245868,0.5920657372243185,334177.2119897327,1072.344438444902,104636.56075741033,366.2490664364843,19067.74274405325,11.289357164961537,liquid,ok,12.02388938107922,6.602060434241025,6.602060434241025,5.297668403039687,12.02388938107922,4.0136124479780015,0.5848039297340735,0.5490786071793059,0.5848039297340735
24.0,71.3,26.645,psig,295.8,285035.8082452849,0.5318531762931369,298670.0553282807,970.6774251252006,100747.15760899958,353.1804831203066,14433.681402526912,7.676599299537117,liquid,ok,7.067629202433876,0.0,0.0,5.299349162950317,7.067629202433876,4.020717465606607,0.0,0.0,0.0
21.63,69.36,41.034,psia,399.8,282919.4707678557,0.7196636562798244,290543.78118961304,947.0250147137181,90833.3767077691,319.6838332295998,14782.771003955568,10.638623030654035,liquid,ok,11.33601654170635,0.0,0.0,5.30907509596264,11.33601654170635,4.054819507181866,0.0,0.0,0.0
23.62,88.57,53.409,psia,333.2,368242.0922708097,0.5925287045126686,371187.8039213916,1175.8562999445555,99157.81422689417,347.8284370300915,26296.160817371943,15.581230102774194,liquid,ok,17.36836369698327,14.969514428090314,14.969514428090314,5.3072326159888235,17.36836369698327,4.0288942404502865,0.9607402194403787,0.8618839799336068,0.9607402194403787
23.74,100.55,2.752,barg,130.9,376525.0,0.23077736141567645,421624.78118810046,1313.0089042206737,99659.72022793116,349.51932409718927,35914.63951730804,8.288285743999534,liquid,ok,16.163416842902276,23.667283533336015,23.667283533336015,5.353793181418723,16.163416842902276,4.094853617180476,2.855510085480632,1.4642500260536717,2.855510085480632
27.33,81.8,43.451,psia,199.0,299584.0991454428,0.35547918475410495,342701.91741577967,1096.556810118358,114671.92508660439,399.78094207705965,18662.779500125966,6.634229641950401,liquid,ok,6.808410094940996,6.227724812783613,6.227724812783613,5.329859835667601,6.808410094940996,4.058984145258231,0.9387261443896477,0.914710589688353,0.9387261443896477
23.5,97.18,61.164,psia,868.1,421710.93507932755,1.5343426436330398,407455.8252674096,1274.795002449698,98655.90065309072,346.13684058608357,33313.48089747771,51.11429434885473,liquid,ok,40.76448661935643,27.768277657411268,27.768277657411268,5.309835325494461,40.76448661935643,4.095828415044159,0.5432585544054067,0.681187964335258,0.5432585544054067
23.76,86.74,54.364,psia,822.5,374826.5854857851,1.4644855905322873,363503.2598819141,1154.5390558923139,99743.37049715141,349.8010696992532,24825.13390418113,36.35605088570781,liquid,ok,33.85226349599615,17.975843542464887,17.975843542464887,5.283071939855051,33.85226349599615,4.06275582000428,0.4944388376772655,0.5310086146703592,0.4944388376772655
27.13,76.96,3.318,bar_abs,797.4,331800.0,1.4288433266501204,322426.00145374023,1038.946546592804,113835.7352461172,396.99716861601297,15825.706988752238,22.612455820398804,liquid,ok,26.009112615105753,7.762519196472358,7.762519196472358,5.299125941195304,26.009112615105753,4.071462424113358,0.3432851017212271,0.29845382698539236,0.3432851017212271
25.15,84.97,2.28,barg,624.6,329325.0,1.1134225221271346,356033.1466395441,1133.8621012298802,105556.57383570907,369.3343916365865,22417.957032155566,24.960658259680383,liquid,ok,25.022313693864355,13.973097736365435,13.973097736365435,5.290371899611216,25.022313693864355,4.022747809700291,0.5598048573477148,0.558425488039171,0.5598048573477148
22.15,54.51,2.24,bar_abs,463.2,224000.00000000003,0.840412904464566,228369.76447304775,761.6277770299598,93008.82764744539,327.0572454003696,7032.258835384404,5.910001072792013,liquid,ok,5.82946981746179,0.0,0.0,5.338472939567135,5.82946981746179,4.085110126530103,0.0,0.0,0.0
23.91,73.44,40.674,psia,563.9,280437.35814231524,1.012602933752672,307631.36180612986,996.6268423921833,100370.74091281666,351.91353473786273,15742.085721520707,15.940482184997919,liquid,ok,17.873580875026093,3.6171982604841624,3.6171982604841624,5.285623156871544,17.873580875026093,4.019848798693379,0.22691899896782416,0.20237680886532938,0.22691899896782416
25.46,79.4,30.393,psig,533.9,310877.3585800785,0.9552022723391427,332641.48791882786,1068.084472007829,106852.9180504714,373.67790853227064,18431.825948920014,17.60612202976797,liquid,ok,18.798057553543824,8.031836804479358,8.031836804479358,5.291413277879406,18.798057553543824,4.013841593775337,0.4561956795993654,0.42726950811815073,0.4561956795993654
23.93,78.78,1.722,barg,236.9,273525.0,0.4239985575688873,330011.19823775603,1060.7261938950026,100454.38942575097,352.195113197374,19066.39535835359,8.08412412998005,liquid,ok,8.776166523704276,5.206849618692047,5.206849618692047,5.29971621201036,8.776166523704276,4.024834732663687,0.6440833335775233,0.5932943050508938,0.6440833335775233
26.2,72.47,1.975,barg,949.2,298825.0,1.7054999025718491,303582.3089908497,984.8734953317464,109947.24462659576,384.02752457664235,13771.823018713563,23.48784281665273,liquid,ok,29.85013671463566,5.601774649617834,5.601774649617834,5.283979673785877,29.85013671463566,4.10491830015605,0.23849677015235352,0.1876632828576379,0.23849677015235352
25.22,69.9,2.346,bar_abs,311.0,234600.0,0.5596304042055522,292765.4879992006,953.6505781925421,105849.30056073524,370.31559305919296,12866.527924227965,7.200500222957721,liquid,ok,6.14123068605331,0.0,0.0,5.304504614898602,6.14123068605331,4.020668360875629,0.0,0.0,0.0
24.65,73.32,46.682,psia,375.3,321861.05995966855,0.6739928030266031,307162.13694338995,995.1502855283386,103465.60200859167,362.3188830508128,15239.34327699113,10.271207691543871,liquid,ok,10.547391669870185,1.4034878515958944,1.4034878515958944,5.295243362497413,10.547391669870185,4.012278038779751,0.13664292396222935,0.13306492216508048,0.13664292396222935
25.51,88.6,51.013,psia,138.0,351722.25379637914,0.24539806569055195,371301.05858397635,1176.2166442755927,107062.00174956454,374.3780397948398,24761.939220190194,6.076531987381688,liquid,ok,9.224637635644726,12.40228188376481,12.40228188376481,5.320991715470904,9.224637635644726,4.0541263452592435,2.0410131814526693,1.3444736122578318,2.0410131814526693
23.78,74.37,2.387,barg,584.3,340025.0,1.0486719864947724,311576.54791278753,1007.8184703154232,99827.02055845455,350.08279562319296,16448.07346796908,17.248633877667096,liquid,ok,19.15583307136938,4.691173721252259,4.691173721252259,5.2843506047242785,19.15583307136938,4.021913931611693,0.2719736388703931,0.24489531224114516,0.2719736388703931
27.43,68.8,1.861,barg,365.5,287425.0,0.6581361256689671,288202.69066023314,940.1708637006749,115090.01429639409,401.172115050647,11100.432494613691,7.305595635254962,liquid,ok,6.166063847268976,0.0,0.0,5.32980639921983,6.166063847268976,4.049273349335797,0.0,0.0,0.0
23.92,55.41,25.399,psig,638.5,276444.9406579975,1.1579860528836587,232176.88712376554,773.068830706265,100412.56519492868,352.05432642357465,6693.543141578062,7.751029602322466,liquid,ok,11.554064779111162,0.0,0.0,5.32205176326105,11.554064779111162,4.07591803648549,0.0,0.0,0.0
23.2,75.13,47.855,psia,150.3,329948.6102645546,0.2696242349595875,314753.4585151077,1016.9798540049255,97401.08308928442,341.90474050197327,17293.865539223392,4.662845265507081,liquid,ok,4.266375895272045,1.3989786011882224,1.3989786011882224,5.305316835267401,4.266375895272045,4.044200927292625,0.3000268122849846,0.3279079564317238,0.3000268122849846
27.08,80.56,47.184,psia,606.1,325322.2281208389,1.083576359243102,337519.2125786191,1081.8552261803477,113626.6853804434,396.30092753369826,18068.560115492146,19.578664586710104,liquid,ok,20.95098080305597,9.13599980615922,9.13599980615922,5.306482161962619,20.95098080305597,4.0391554788255215,0.46663038562705084,0.4360654945961583,0.46663038562705084
23.33,80.39,1.835,barg,478.6,284825.0,0.8557115386225043,336773.79474971443,1079.8651611147868,97944.8433126464,343.7391963574885,20582.32540582426,17.612533341446937,liquid,ok,18.646804689495923,9.1975909590467,9.1975909590467,5.290435670132311,18.646804689495923,4.018456234477772,0.5222185122796811,0.49325292521714814,0.5222185122796811
23.06,90.55,1.906,barg,436.7,291925.0,0.7754877534587999,379452.7019462013,1198.8607465451748,96815.4848632122,339.92823774312825,28212.818650734902,21.87869535419894,liquid,ok,22.40829235429548,17.936207933703436,17.936207933703436,5.309149051800881,22.40829235429548,4.035048385783657,0.8198024444936172,0.8004272547910246,0.8198024444936172
25.09,96.32,3.582,bar_abs,411.9,358200.0,0.7284585779316858,403785.34952137124,1265.0508139889473,105305.66341324573,368.4931725286061,31090.33511899336,22.648021308201454,liquid,ok,23.141857845930545,22.052826822030976,22.052826822030976,5.32573662082423,23.141857845930545,4.039317022591894,0.9737198019168702,0.9529410719247386,0.9737198019168702
25.75,81.69,30.375,psig,191.0,310753.2529488015,0.3412147655281087,342249.14027542906,1095.2485858149664,108065.58801274029,377.7369872439534,19719.335449812992,6.728528421878061,liquid,ok,7.459338685533485,6.659397261395753,6.659397261395753,5.310902759098465,7.459338685533485,4.035907240520994,0.9897256641946365,0.8927597394539647,0.9897256641946365
24.76,68.59,29.852,psig,202.0,307147.29488447466,0.36377773272462927,287339.63596208266,937.587212685459,103925.62597602261,363.86333915474995,12495.930822526512,4.545741382902507,liquid,ok,1.8269745251071932,0.0,0.0,5.3091472305987155,1.8269745251071932,4.03294159747271,0.0,0.0,0.0
26.5,81.65,53.852,psia,559.7,371296.4697516831,0.9999382951521117,342129.2445576292,1094.7349282156208,111201.634782808,388.21580592627555,19219.154780818935,19.217968865796642,liquid,ok,20.19443848915847,9.881223994105834,9.881223994105834,5.301305167038406,20.19443848915847,4.026184327927613,0.5141658862655374,0.4893042210314806,0.5141658862655374
25.45,87.82,2.593,barg,493.5,360625.0,0.8780387771797035,368029.9547704835,1167.1389515414303,106811.10117592178,373.53786776083825,24249.569977676932,21.2920627703331,liquid,ok,21.566484013750255,15.134333440830165,15.134333440830165,5.302191048579895,21.566484013750255,4.019303542315468,0.7107969577244205,0.7017524706939198,0.7107969577244205
21.13,89.72,3.535,bar_abs,60.0,353500.0,0.10661223361282647,376010.45110492286,1189.2098148021366,88741.43934657026,312.5812023060667,29294.743673009187,3.1231780560947255,liquid,ok,9.765963048146562,14.336394263250458,14.336394263250458,5.3442185436730565,9.765963048146562,4.121937571570848,4.590322423428182,1.4679959562176819,4.590322423428182
26.95,80.81,43.447,psia,60.0,299556.5201162701,0.10724851192176135,338547.6548147607,1084.8367421210767,113083.15117294519,394.49014274455715,18291.48916892204,1.9617349941999038,liquid,ok,1.5559433208460618,4.154085590530201,4.154085590530201,5.330761883220982,1.5559433208460618,4.079106259162786,2.117556959942212,2.669818067840267,2.117556959942212
27.54,87.17,3.392,bar_abs,418.4,339200.0,0.7447433606210556,365282.02761671453,1159.580898564142,115549.90808651081,402.70185641604127,22146.160346691293,16.493205881447636,liquid,ok,17.242614204002876,13.034418055222568,13.034418055222568,5.328624062102074,17.242614204002876,4.048281442504926,0.79029014425172,0.7559421037325433,0.79029014425172
23.71,64.01,2.894,bar_abs,192.6,289400.0,0.347740328557113,268155.55948189774,881.1245707948278,99534.24443349647,349.09666878924634,10683.51205902436,3.71508799354901,liquid,ok,0.0,0.0,0.0,5.316118896917006,0.0,4.045728644186875,0.0,,0.0
24.12,62.15,2.431,bar_abs,691.3,243100.0,1.2493795586205863,260335.08887481582,858.0054996242811,101249.04012326899,354.86912926725023,9518.699935512268,11.89246912407212,liquid,ok,16.714799124506815,0.0,0.0,5.298773391691894,16.714799124506815,4.05902540353198,0.0,0.0,0.0
19.04,79.3,3.3,bar_abs,357.5,330000.0,0.6396508505072759,332237.2849592119,1066.8820030979653,79995.32336486469,282.7547667809535,23127.82441487955,14.793732557360643,liquid,ok,16.44817176658365,8.709034355147573,8.709034355147573,5.353930916583139,16.44817176658365,4.143062680481858,0.5886975664444049,0.529483427017766,0.5886975664444049
23.89,73.23,3.248,bar_abs,689.7,324800.0,1.2386855438170528,306787.43621644453,994.0599715919798,100287.09219455357,351.6319366288038,15673.520516429184,19.414563284420815,liquid,ok,22.31839892677283,4.65432620698164,4.65432620698164,5.280650814622817,22.31839892677283,4.036314567449252,0.2397337575301782,0.20854211909432166,0.2397337575301782
21.52,62.21,2.584,bar_abs,689.6,258400.0,1.2462755079921553,260598.86845931542,858.7456701039258,90373.1639693328,318.1223343950507,10920.226156648394,13.609610400766197,liquid,ok,18.31837525782168,0.0,0.0,5.311233781321774,18.31837525782168,4.099759188179141,0.0,0.0,0.0
25.01,83.13,38.23,psig,240.5,364911.5714866361,0.4292505541593163,348335.77490678313,1112.210087584499,104971.11358150962,367.3712750309226,21283.5209742992,9.135963172679363,liquid,ok,10.429883210614543,8.702395563361794,8.702395563361794,5.30485574118962,10.429883210614543,4.02562721347229,0.9525427586426649,0.8343713335644376,0.9525427586426649
24.03,57.58,20.863,psig,520.7,245170.32157618747,0.9433050892615134,241223.23282965142,800.607931341419,100872.62892247275,353.6027108846244,7509.592491828487,7.083836815821861,liquid,ok,8.285239605274928,0.0,0.0,5.319274224229087,8.285239605274928,4.052681950904564,0.0,0.0,0.0
24.05,78.21,2.244,barg,133.2,325725.0,0.2384902411187106,327662.4297551691,1053.8942265063076,100956.27621062324,353.884171526581,18663.165204571094,4.450982769676489,liquid,ok,4.683783750766988,3.6536438439717713,3.6536438439717713,5.30474306487201,4.683783750766988,4.04064122451063,0.8208622753750469,0.7800624534327557,0.8208622753750469
23.18,64.88,2.591,bar_abs,202.1,259100.00000000003,0.3647129518839428,271770.9215345277,891.9252421174488,97317.4268560721,341.62244235374783,11382.2660244781,4.151259840915718,liquid,ok,0.9396781254166804,0.0,0.0,5.314709822040537,0.9396781254166804,4.047628336763265,0.0,0.0,0.0
26.15,78.93,3.182,bar_abs,549.1,318200.0,0.9826939751391908,330675.984984836,1062.4842745819642,109738.17594367093,383.3290574141091,17666.65254282611,17.360913014712683,liquid,ok,18.67547219552748,7.495467294160033,7.495467294160033,5.296646853933514,18.67547219552748,4.020605702560302,0.4317438424930718,0.40135356234553976,0.4317438424930718
25.38,76.37,2.127,barg,655.2,314025.0,1.1744600760253072,319938.25380480674,1031.887107098908,106518.38179180618,372.55744679555465,16590.18852264047,19.484514073574505,liquid,ok,21.699542500958113,6.538709572896213,6.538709572896213,5.2855534013693335,21.699542500958113,4.026033394118951,0.33558494444386533,0.30132937469107957,0.33558494444386533
24.65,62.51,2.081,bar_abs,659.5,208100.0,1.1916585297421385,261811.9526111045,862.5139758028222,103465.60200859167,362.3188830508128,9388.251980964473,11.187590552484842,liquid,ok,15.406770050435096,0.0,0.0,5.300574103576244,15.406770050435096,4.050815669327819,0.0,0.0,0.0
27.96,86.62,3.245,bar_abs,387.9,324500.0,0.6907073920366725,362959.8177079094,1153.1733207531122,117305.82519297715,408.53740775879504,21436.67275321344,14.806468331315651,liquid,ok,15.611782812447938,12.091509060699028,12.091509060699028,5.336624652992545,15.611782812447938,4.059075935276709,0.8166369447551183,0.7745117393676495,0.8166369447551183
